geom,x,y
1,-16.097302067602634,16.361020260493106
2,-11.230501540261688,23.503271615624456
3,14.666680098795673,-3.1451130628157253
4,24.786984912259697,7.244949209311013
5,-14.655747554368032,19.163657555119393
6,36.432826610543366,-14.113482749170172
7,38.1023538047255,15.396423749152705
8,7.713599856452639,6.963797446808255
9,-5.60123995803507,11.727228171819485
10,40.22657752839788,8.269221881046304
11,23.76066899733781,-12.234953886708743
12,14.274795487969566,-9.840100654075261
13,33.999662982126495,14.691228957832077
14,20.934018099061902,-18.585211717847734
15,-2.5582537654481943,32.362764927027165
16,1.1311652710101683,31.05598837793575
17,19.102908824530353,1.1084385013051115
18,17.052118474963542,-28.38128310622174
19,27.651695451449058,-9.69213395475288
20,37.944926658622876,-9.124582690162697
21,23.871930747870515,-13.471731540499851
22,-15.642287428755466,14.850478682955506
23,15.360900120701622,-10.336501898367484
24,21.6222169080472,-10.583853902153937
25,-9.102091993956769,15.393063258569848
26,-5.780158341328878,14.89776222381032
27,-4.258405141456393,14.26322123930768
28,18.9587543378762,-3.492627853867469
29,-10.679178096119607,27.31523456639577
30,19.79960200349177,-2.6406940959998937
31,13.569957163380693,28.183384053746533
32,34.038668367240824,5.378684502566696
33,-6.8369427522926,5.088428548690568
34,23.930945770805025,0.18353510606151513
35,-11.236533834625906,9.939095641464167
36,32.094108763197255,17.446576192243096
37,44.2569270717666,5.2239935528364985
38,33.662923725267476,-12.030863107864718
39,10.488014308067715,14.685638739653736
40,14.581513650688699,-2.7746646723155215
41,43.91296774568846,-23.13718169835501
42,-3.5487348738963593,14.601921477395406
43,8.04041866448533,19.58186682855753
44,25.44166489833311,-25.79370027210544
45,10.831071468171903,11.934048821202273
46,33.12098082915443,-14.83587275367802
47,15.474319274877786,-1.2576449719242933
48,22.314886234736782,15.910992011999166
49,41.54426585822555,10.584405483218344
50,34.47120244646902,21.69632198773003
51,-2.3893753955480506,20.52681344345862
52,28.11188686838728,18.434908217522477
53,27.829907170410394,10.785115560155857
54,32.306683562560366,3.7884850769190574
55,33.01915359542543,-12.9421669614569
56,11.793506825563245,14.699970200884339
57,3.327669014390054,16.566615336751447
58,13.780162814606118,-9.18147349894194
59,-5.878304545562624,8.698863252445491
60,25.745859063347474,-6.0311716908682484
61,37.989415158845794,3.7968925864868783
62,-5.151038057442818,8.487925529590818
63,39.056052385866735,8.259063009607278
64,22.908679406805767,-3.0538358888762938
65,16.574449395861215,6.963290641920082
66,14.144677138738881,-0.2345895003545728
67,20.180760661035734,9.636868608425345
68,23.0655319693373,-4.8783002507523925
69,21.697148992612036,-17.421218577140504
70,35.905839582127996,-7.613638524849947
71,21.877755696298003,-4.155288799114732
72,26.540620306230146,6.477567848176163
73,32.62264513705572,-0.9582977603801571
74,27.419655134337305,14.196714857144787
75,-1.323431633154943,16.98823928183365
76,28.732279158173363,3.5641338265762488
77,23.20636955500219,25.511200016525038
78,21.518770970712737,-15.27008709283775
79,18.369133065820947,-5.019111748911443
80,-10.342242221837065,23.87182654051877
81,21.297586824315175,17.737690284054217
82,42.26860756072848,8.18118805468011
83,20.01875359660324,2.0601083589749245
84,6.332605896267101,14.959894872207373
85,38.82814076246914,16.194706372856515
86,14.184683441280626,20.40386385746498
87,36.09682975992113,-18.596385610328664
88,46.11495742071908,-16.84582567513001
89,39.624932663290195,3.7278283741074345
90,0.21383215439261605,21.33565637581504
91,-9.33677335113381,17.64619539596568
92,35.63419483784294,-14.968087058149042
93,-8.52338470873727,12.363807785532954
94,43.54558467370829,5.826695401734041
95,29.94851365385111,11.459066727046414
96,34.86598468857019,21.39782512274758
97,21.29954987781018,4.884366001801134
98,28.75341086175279,10.712486286327833
99,28.297309357168878,-12.447510567628962
100,14.23179133962304,17.35796926868866
101,-0.9533097154835524,8.261578758593403
102,14.632025234546859,19.822291706686656
103,16.772146726463482,-26.53195620592614
104,27.33946666460006,-18.36726128124178
105,35.12722775651089,2.4941311614294452
106,5.01830965695553,13.112000019268423
107,34.238000995288125,22.970503274349095
108,33.45251031852349,-9.846135309700028
109,18.80657809287569,2.637382459183156
110,11.708790712895937,2.1140991962812903
111,38.17894765387401,4.143866397356218
112,-8.429984584142609,12.160935317245118
113,32.76704099917907,12.107029960415746
114,-14.631129603713273,21.47123160216922
115,30.248889656810015,9.932734195895277
116,0.6259623547819402,18.885263831291734
117,0.11013904224283522,18.601036382667882
118,50.928540734515565,10.71158695979072
119,19.1023882417523,4.290975091094972
120,34.34584203419404,-8.463749126780703
121,27.864722598595165,-1.625954067521791
122,27.11577055146146,-2.774749962393821
123,-2.9238663274039673,15.783981530567512
124,24.838188001361253,-4.020357653037433
125,12.504523476222289,17.274004893220095
126,32.213521911915535,-11.493049079427069
127,-0.3379387519955088,25.38112224579175
128,19.917251476029186,15.401376902228606
129,-11.39633153898359,14.489710979609548
130,23.538559778224496,-16.63707990893857
131,35.68600765019395,-12.95311045741324
132,31.45177923335759,0.6159003704136291
133,17.404192628490982,-12.720967748085375
134,18.494140661332082,15.341464872496477
135,34.29678170689558,-15.472797078644332
136,45.917228397532256,10.20845477053024
137,13.734957255810368,-15.31580647671392
138,42.78496971493433,5.883666313276792
139,24.92339862992108,21.04098594221794
140,-8.561301130794288,18.31089443137466
141,-2.5136850559179784,7.406306924101964
142,23.39468338309716,-10.421304035117888
143,-13.180367682923748,10.348973819776072
144,29.34390986961982,-28.41407000392845
145,12.995584237458576,17.421507352942932
146,9.621208504604986,11.136278230965932
147,44.33998181641071,-21.985954752221367
148,18.820915171916297,7.184239070120231
149,45.58054675851457,5.232533115826798
150,21.337671614463595,27.878869071746937
151,17.90908707836273,15.76448945419921
152,-1.680737082815158,22.3507286997566
153,24.230848155962512,2.8684473590622654
154,16.29967357720956,6.163662573066145
155,18.323007571085512,22.618586439086066
156,16.324508901750193,-28.17120348255494
157,-0.45804892204581904,7.047018448597703
158,18.517004607132165,19.220492240732877
159,17.07707939371624,-21.596777060288016
160,18.10618637307764,28.913443627044604
161,31.92473699687924,-16.048415605635306
162,18.815396630179215,-23.558414596524372
163,29.653422689193654,-9.140977720056448
164,16.898520746007044,23.771271294969086
165,-10.715979544885293,7.311672076804559
166,20.544045353787297,2.620795508397539
167,34.328129146893694,22.627340005031826
168,24.739407874014468,-5.310187054859507
169,24.88689640107193,-15.846751323588586
170,25.310062197226017,-16.181680931424076
171,7.417471282943271,18.86702340379634
172,4.210856335821841,10.862625377248687
173,20.539384074657114,10.443269280067861
174,-0.9852222623141884,8.467927246940567
175,33.210724496044755,13.540832951400546
176,39.06031350763649,1.197351938142921
177,9.200944502348719,23.28123519632151
178,49.6678394975563,10.573011190630927
179,24.341324520564832,-6.150382698951213
180,-14.588145694580396,23.799690250702085
181,22.221249127594284,-21.110062525330193
182,33.82719559270351,4.594172339633074
183,39.10746337580821,-9.614172758422878
184,12.37588135928793,-16.83495307254951
185,37.33226058096644,11.80241116233981
186,11.953970574197356,-4.275533850834314
187,13.427674180846342,17.14788969415071
188,12.330720809776984,21.031791443468048
189,24.54216214364788,-3.0506743941585763
190,12.932250159637121,22.104458858245778
191,27.29258030645891,-20.31365572085743
192,18.32425781360771,13.956174169907266
193,27.792505131532216,-3.8487989236123985
194,-2.2968434450493618,25.09571065325892
195,3.474194604873727,14.315174481782874
196,23.757028935192807,-8.679534967125335
197,36.23399426940897,-6.875804627428731
198,23.526755082478296,7.98344634930636
199,-10.660368607719617,15.971340107590972
200,35.156055244431414,10.572249036720015
201,26.986586832969714,9.910502395630248
202,1.6291996458717861,16.054659832545706
203,19.19378598222506,10.22934740311319
204,30.39870272297346,-10.656992673050217
205,31.80026608906278,4.887442900335314
206,23.36705828354615,21.909657231740038
207,14.724839694126878,15.251945830891712
208,30.474695206136417,12.37653432537365
209,24.17163266456494,17.56519126636398
210,17.112433291640407,-3.13284613391028
211,3.5263665752165387,23.209848139308328
212,29.67792584012981,-20.093209862278417
213,27.892424832286977,16.55042534967294
214,-0.7476005035265914,29.547252685068663
215,15.848031246569434,-15.925510059093755
216,37.26790359278494,-12.814308682488504
217,34.707286915410364,-9.207906030386567
218,16.83008484193754,-5.957734197762658
219,30.68391153493406,9.712772117617801
220,36.236280193416995,15.354225851731774
221,31.294717533515858,-15.685640031063526
222,1.9205176030799436,7.619517814946217
223,9.866717956959974,23.48145216576826
224,37.36528316259258,1.712293832530701
225,20.510630568118913,-11.6660423922958
226,19.278559167159244,14.114989923964474
227,25.8142788341746,-33.15762034273218
228,15.073508181813615,6.529061885552961
229,-6.837116491300057,21.921583785193047
230,42.50544488679847,11.432145708487003
231,30.65772046755147,23.347024304420152
232,27.110973829453314,-19.310447591845602
233,28.46900732764199,8.982177218218206
234,39.32309424104341,-1.9936069368945961
235,3.2081031417510246,17.283810251471248
236,14.158291274883279,31.22362202789882
237,40.65571857497507,-0.6902327211837693
238,17.3127420350256,-1.6933545226941562
239,26.712197188715564,7.967162566902651
240,37.06010355082311,-14.626267365820743
241,2.5791112932522857,7.24714859539472
242,16.599543894162522,12.228429372762921
243,25.853931459102192,0.6093204548956999
244,22.507662425244988,-14.023351486111642
245,20.844948741349434,-1.2624757057120677
246,42.6530523195458,3.731446620322865
247,27.639592077668183,-2.044284912924359
248,3.98160762872406,14.893546490902215
249,16.34748343168723,0.04373675089979337
250,35.90414316678893,-2.626452983382541
251,39.574454238785464,1.4766974429341846
252,37.58289620106177,-7.697115228469639
253,19.02172164798926,29.273623194206746
254,21.504370187534562,-3.7182006637434206
255,37.85302297351983,-3.931337641352902
256,30.696689908788606,-0.888751088989533
257,18.017549495861864,-6.0099410553341635
258,37.533916426672214,7.960014338911157
259,19.054715523527456,0.09985701150677212
260,32.92763616969712,-2.326825974899387
261,46.72572139282006,-21.378847748709653
262,21.725688568665582,19.875283472867608
263,-2.475115222774205,11.022355794026959
264,17.865178355138447,-8.60607050249349
265,38.46500006813968,-1.1059577036956028
266,28.013547692104083,-16.693129591525945
267,-0.8292735554388351,17.561696060581777
268,-2.0343688787054983,24.072879776205394
269,13.976747556187721,18.0925137791576
270,37.93472079919584,-8.556928105564806
271,36.250968711122425,-14.696809802004049
272,46.76246016825297,9.942847916577067
273,28.497932706165685,16.27364693022548
274,34.89919409929805,4.867203771758273
275,-4.157321777040442,20.682198873353702
276,18.836766949337196,11.079623254989137
277,21.86091729599584,16.06931878861415
278,8.994262388156471,5.609230568472291
279,37.2213790355306,-4.279812258900983
280,-5.825106338454173,28.614987540950835
281,-2.190320487100225,14.48542022152943
282,17.660699146490032,0.5347856747621909
283,24.786852625832843,-4.93288520300341
284,15.754586307277592,-1.3430931765837184
285,0.9377807070257589,14.634369731542156
286,37.40467190925488,-10.068655760617567
287,23.55717153341893,-23.416495162512035
288,35.40152964577788,-9.99020238698431
289,11.420230834420988,17.58654751838312
290,-1.2517315640931947,20.753034785601514
291,27.728593628964425,11.811102637253876
292,18.0933449010041,27.45822158165276
293,-3.201808448770443,16.274451717597483
294,24.185299023150257,1.6847734554121498
295,20.532296490145114,6.544487845151057
296,32.42560552548434,10.707830527345815
297,9.484755658289558,16.49763426676128
298,28.398059566441837,6.760565024594802
299,-1.2883463253859055,12.534324588740347
300,19.619609121641304,-16.62371216576457
301,27.682094936622768,23.129982320654126
302,27.16813985475673,26.96586145253541
303,2.355304971596695,21.267302186426914
304,38.93958026931071,0.9088461822850126
305,19.555371960344118,4.449112632003777
306,-7.561743204150588,5.6113692549170215
307,45.07412457312714,-20.907354379389815
308,21.797350256620597,-16.64599095942702
309,17.513386168810506,2.21936748521224
310,39.95657899304692,8.412349788288662
311,26.68718597119542,4.646802051143704
312,20.159354256371813,-25.884855191818666
313,23.745092611897213,10.21119524233283
314,-8.374157105615616,12.879149395545364
315,13.474972727311656,-12.969628376597946
316,31.550638220238397,-1.4892261909645592
317,33.19879150653998,13.18011605947605
318,27.55256529555482,30.77402871014148
319,2.4771343220991575,27.95963753419561
320,-9.919613747621966,5.8137370326817965
321,13.607142919521916,10.303708727756492
322,-16.211641469301718,17.42460943321415
323,35.69156489200623,13.253806512591714
324,35.74249597587718,-4.9233965261287285
325,-3.6912263878223346,17.510098722402464
326,45.61637105744496,-18.783740703908254
327,-0.18391706976072797,5.52489998487217
328,-2.7347269539197843,26.157935893852304
329,35.695457237416875,13.832654592671936
330,22.883095788012334,-7.676831634879469
331,0.16424745362067483,7.46784250452745
332,27.922551568375397,-9.704970328512662
333,38.452885556263745,-2.2592010471229496
334,46.19738442090889,9.28608519108662
335,3.151310657655433,12.218865091696525
336,13.572205914426508,17.288616263252955
337,1.1297972385801316,16.25920888174928
338,41.63006852504636,0.972760085771883
339,14.799506405331826,-0.7718191623308789
340,-4.91294718707816,25.21403751266461
341,8.806300200699184,4.956018570038365
342,42.29391615946894,3.849074502981232
343,21.31666533144913,14.689985372691439
344,39.796007735442345,-14.896232080370375
345,20.194776187318205,-5.658055090071911
346,19.390217797913053,-17.779359098990216
347,-14.966557124536099,13.470295448554864
348,38.221198916766134,2.1141895970798066
349,29.70417369282918,-17.48848769139186
350,0.46861636381416005,11.138604071714997
351,10.732730768468343,14.034059657940658
352,23.97669502478611,-4.643159846274806
353,-0.17671744172812964,6.021790280049769
354,38.872182374346224,14.339062976907437
355,23.398551985548828,-1.11519264366785
356,17.378807005220082,-18.592361812401403
357,-12.236511236649271,11.522096356145514
358,13.511692096055466,10.084295453172647
359,32.81888151144636,-10.368129723559786
360,-13.335098413761667,14.054722564150174
361,28.76387075447183,-16.927054172793977
362,26.13674539964118,-1.0402197043703163
363,16.898443608173615,-1.982575890101032
364,21.233810017078028,4.001897287889583
365,28.78163095404301,-11.66791735537581
366,16.35766474395649,-25.594690240331314
367,25.25881834274707,11.381213115598758
368,34.31528727087444,6.528122052590187
369,14.405399882525884,-9.86168193953351
370,13.662724920301056,2.625856523185943
371,9.046879326864271,4.450994301608132
372,32.7144036476105,18.726022903072433
373,-5.758036741421485,11.440003441827242
374,38.50855594627436,-10.422355809885572
375,34.16656701511523,6.837454786720293
376,39.039684184597924,1.4869227000190004
377,41.078483813515646,2.8457466568191117
378,17.1606797288934,-20.68325815893387
379,19.44163381132759,-24.801964127090113
380,-5.643472933712751,8.331038803745633
381,18.589235855185187,27.530821721423578
382,43.96204701907882,1.0599304605030389
383,21.38184502015197,22.331245736130168
384,37.49105139490347,12.725930000233774
385,22.65347976763171,19.161939345338165
386,6.681220330201938,17.630503622879665
387,48.48023130580708,-20.455276680522854
388,-8.151005488168538,29.551313178417793
389,34.520429048379704,-11.134827258477154
390,21.92716269741257,7.414235407181402
391,28.78548227914451,11.744584755279265
392,36.01742856776936,-10.789567320969471
393,25.250499688410756,-6.039598193953157
394,23.82510604950523,7.198577082155712
395,35.97974786715676,15.2624164104326
396,20.82711749024105,2.770479215334065
397,33.839984328780055,4.574573414328263
398,0.49516696850113817,15.492813259262494
399,-10.883068511628025,7.032674375484355
400,28.913285130043704,13.377759409121964
401,-3.669333158267122,5.878633214919345
402,26.736094839369137,-18.42751107151753
403,0.915246267301999,20.10974437767679
404,34.19914853606741,2.9113159302887643
405,20.640572308841136,-30.119126158193463
406,12.830003737478552,9.124086032332213
407,24.768709666939607,-7.6254073784261625
408,39.23372945410985,-13.532154912169554
409,20.58957729053401,7.8411476280450545
410,26.319397520101504,-32.37050339410638
411,32.741603702734324,19.321540146593755
412,33.78865438067044,21.398487728918443
413,33.098082289250435,-8.761973645682817
414,15.144207879022403,24.28489153435587
415,16.183572104034617,12.973396371160606
416,4.147506266386749,14.041225825873436
417,5.697908305002219,12.093181393642714
418,16.764588995877013,26.586795203334933
419,24.557356117060664,-27.662575351943346
420,-15.72394153457582,17.77965770127239
421,-10.05393568945092,25.355951416406402
422,-6.803563506555699,32.66383364248157
423,18.433818008332644,10.790756511564044
424,8.366143538946528,8.691623657401758
425,45.53144741586507,7.888518715592932
426,15.638040471656218,-16.496987847192464
427,-16.026072431565456,21.974782998597735
428,24.09790822583389,3.8507789961094425
429,9.704707186809312,28.05382041080754
430,34.3759077090399,23.050024346030018
431,-11.318125129177353,8.98039317877758
432,19.40255708772598,-13.589909115469789
433,15.709249035955189,27.389516660382142
434,15.18955717761591,5.312855719531416
435,39.109115812667284,2.940413086739626
436,18.2454795764284,-17.281716789025108
437,-13.266369695040336,14.988588179400613
438,12.95683018608974,9.846339121868544
439,36.095979958016855,-9.328808427292211
440,6.087174903193063,26.795256759829794
441,28.4551016625823,17.591376177263204
442,9.386769755674795,7.760068266389077
443,24.629301061644313,-8.0582457693444
444,31.617647698163466,10.148737427785667
445,22.218067984758854,14.3448321313105
446,16.696856401408624,-19.805718153119432
447,35.298758361222866,20.444409002611774
448,31.974944163700698,0.17163237796684327
449,20.372749492673826,-10.65292632976663
450,33.23455439693359,6.956582766387428
451,47.40548551128016,-20.258280485174442
452,24.886702911773767,-5.7960850423128765
453,14.044022637771299,-21.528494934502014
454,35.20667439391155,-16.92429173364127
455,-2.9977016372220664,5.090526122209345
456,16.834110880199802,1.1825779968919448
457,31.042277528513736,18.377929008580036
458,13.859308797339736,23.63487155994549
459,-8.518516850214677,11.595050899263597
460,16.054609752097022,-7.8378155818752955
461,-10.510040641128644,7.845629435499899
462,32.68877611068119,-13.317117258134276
463,14.897052678330517,-12.380674316423889
464,4.022667758337338,10.951906657176483
465,19.48591645137966,23.850476429805
466,28.730599595298223,4.159610432779919
467,5.600835047579,27.331189943812422
468,18.78719327335731,-14.841871116481032
469,27.122905933474648,9.428080158995062
470,34.48664717972708,-4.277406498603334
471,-0.8597658227653824,28.70705677985674
472,16.281436656344717,-10.20551087453318
473,26.296445787295887,19.002120580914813
474,21.290678632835395,-7.237543128729474
475,31.718737120549903,-14.456684052677918
476,25.73651337173932,11.800743165556081
477,47.433467388244935,-18.137361558751714
478,35.21291719999234,23.366843377209605
479,28.528176020324793,7.759025922324145
480,32.009758844338144,-0.4637052315106575
481,-0.6704899755984393,8.970105491923805
482,9.209007511302818,23.848817031887283
483,45.51946567933895,-20.751773717703944
484,14.10338700574269,3.860286586788821
485,14.473592806421195,20.95635225548575
486,3.6983178314343412,30.425919480351872
487,26.72365291873745,-11.21590474407597
488,34.24206512770701,-13.60325993113078
489,36.9190410135741,-7.237670639227563
490,26.545219202670268,3.9428731757299205
491,23.359797909546856,8.703464158166332
492,-2.4204718170765354,11.51600552244228
493,16.162680252504025,-3.3672928404177003
494,10.247835881144894,12.147056150794384
495,26.5476850123261,-8.839597367686409
496,24.31393315844067,24.630890130205188
497,2.8427155030536113,7.022815733771742
498,7.065405454661377,20.53419749763755
499,29.446753753765528,7.683111275453127
500,13.791359516188685,13.548406913591617
501,12.801372236429849,12.316139226711057
502,16.717785372942544,15.624453491135231
503,-6.98711288281989,8.118616640287826
504,29.597226862886394,4.593952028942074
505,27.39910585065155,-19.23874905216007
506,8.980951719528608,16.483500175024954
507,22.314245825074416,6.240952108093833
508,5.434841243492791,17.125037598213858
509,-12.829399259940306,23.98594870657101
510,-5.1793349119465155,13.732881613282826
511,36.54918556041152,-9.910794514113762
512,6.748335510419633,27.306905742482584
513,-14.201606173434019,10.780922791314271
514,24.597564492770445,12.950244319148284
515,37.21644764651756,-4.2303700115393035
516,12.571384655166352,-5.7337722276381875
517,-4.025226883967392,12.217600318356997
518,20.78317291180946,30.845542608284283
519,19.578351113501128,-19.7347134340672
520,32.93221330350323,18.15854514501928
521,17.897436109016326,18.57730104824563
522,7.544722234099805,10.776813272038144
523,17.57975282816941,-4.865846108604668
524,9.105367078498546,3.8621780785167643
525,47.079667422394664,7.182030961917941
526,33.38483746385013,5.525986818959966
527,43.18230451919944,9.484532875470089
528,25.3518779081476,7.4550924688460265
529,32.683301919351464,-14.264916576957702
530,14.900907705457591,1.1915838002379677
531,24.5471983987364,-23.343344293772383
532,23.285769025453362,-7.5984469231656755
533,-11.206990524602821,25.431399782562668
534,11.94474619718289,5.165849319270177
535,14.263738678837846,2.6483366674373428
536,21.71879602519784,-25.42095493063737
537,18.105933228961703,15.555797438625696
538,-8.84141750457555,14.898704118951
539,-3.5484936437485217,25.449879724535744
540,45.353883053712615,7.900221201391978
541,2.353509971066007,31.85095796320722
542,3.937697725681023,26.01316023702284
543,-12.497788122820841,27.159072916096484
544,15.614326578630497,-5.585382657532469
545,-8.410076886245363,20.321295846543673
546,17.773065189123614,-0.09877438468562831
547,31.48637809185528,13.395242762586538
548,21.49030106440477,-22.61253895430407
549,17.081149786078463,2.059792545140764
550,-5.713658934945897,9.771045777059118
551,11.488491334433927,-1.8224997829952805
552,7.574233964841326,23.290156151585375
553,26.546853469310506,3.7351107438375113
554,1.3081300172034176,10.200140573945381
555,12.478927401578922,14.33664812336137
556,30.52160481831359,19.893088946258306
557,24.99773161208283,-27.18163723803961
558,26.816732206102934,-16.838884181633926
559,18.679129837092454,11.567958999927288
560,12.326060597162574,3.0007890509313344
561,20.110868941223266,-8.468316119530323
562,36.12636732724959,-18.092808784137194
563,32.47929311540187,-12.457355208278441
564,24.88657812176052,-6.225266572677041
565,18.552934491359558,10.637010598836705
566,34.07606535062756,-5.740963452008557
567,9.165227195140119,8.760593182355729
568,32.45546160611541,21.75803117267391
569,47.62294863867814,-19.21788582826702
570,17.196163985878343,-18.084106359461412
571,42.818161068746356,11.013271794812775
572,17.274151130143622,19.179028670374787
573,35.536803556040056,10.64442463447086
574,30.141363308492934,13.329404823676384
575,-14.623580630643797,15.767600321520867
576,-1.8840688176962708,13.087836678411087
577,-0.9968731750090889,6.9495319068687476
578,5.560240727770321,27.55141994600882
579,11.393546083670426,1.4831529458837105
580,3.26498964077712,7.33657934645165
581,28.639132092717404,5.867849335813752
582,14.05791449351517,-10.5685132214568
583,23.99340286036201,-12.969648929006924
584,14.127952075079083,25.94897208521762
585,36.074874810245916,12.818287429508896
586,6.572380896075391,12.973172601929477
587,38.265032142572956,6.478003027449911
588,0.27419000372193736,24.583693315521707
589,11.002164714235487,26.821499008337938
590,0.23685887475220824,17.656167674162262
591,11.968018799236045,14.675332362840667
592,6.20292111868201,8.92716052284528
593,31.04264673714431,-13.085325568728068
594,-0.49525531765378616,24.726400482615478
595,39.127028849462214,13.830918364861867
596,-3.353205854734009,18.314277134275198
597,15.46562555591327,-12.016820307145759
598,10.624875576645,22.571756704430662
599,26.110615017881173,27.75761537094643
600,-1.4179707892757598,14.81544658363338
601,18.567872507806868,-4.805322291868554
602,40.817757622634815,6.75587114822952
603,10.43291981938307,11.283251850789245
604,35.7272985024117,15.849520595992292
605,1.9665646705527955,33.67180827199855
606,40.488230570346566,-1.7786072206289147
607,-12.212043597318843,17.28593789937087
608,-7.3192946391679,27.465689411067572
609,7.412865269402129,17.44204811659236
610,9.805195583119168,28.706994456074096
611,9.212794012792095,13.545759214861992
612,19.099218035039065,22.42489779967492
613,-8.980649707027858,24.579041873900774
614,0.43369245250562827,16.861372002724973
615,12.076173093980305,4.08580900991373
616,15.585213336507678,5.524564368237929
617,23.137239389491285,-6.033813425976281
618,-6.321437836060513,7.742726023302329
619,26.467922160916245,-1.629138136736878
620,26.637303258651464,1.5453090413216166
621,17.54253514914504,-15.759791933761054
622,42.1323081292296,1.627819535909021
623,28.052869719806452,-26.43471453362649
624,18.970859890262275,1.7052418615860145
625,11.469383688940567,9.789217221885327
626,25.893944078238768,-19.956706122328363
627,25.60648771968424,8.906117351124575
628,28.997559891394324,-30.114063121904167
629,9.559771565517405,1.1310039027161407
630,40.34236812631256,0.9628986474899102
631,8.373191222624044,15.8477140132402
632,20.330211178765033,8.492526827366529
633,3.474624499126886,15.33610137704282
634,-10.983727607489843,7.9702973962584895
635,12.303095568597232,-1.2666587699394973
636,-2.515350008971115,6.100302500740877
637,14.810459464170137,-22.19240096730179
638,27.61664258381188,15.263574676856157
639,10.321769598814868,13.52944412052083
640,16.426304325899032,16.79263548155206
641,30.869041605624318,10.071843659271384
642,-2.766442596376807,11.313465674825883
643,28.082195368993567,-1.6834090043950374
644,11.33945414913656,29.989454944545923
645,16.375957468599594,8.327833136289243
646,19.725649651313134,25.00738611392114
647,24.69854261179836,-8.122163801344168
648,-12.054220686777168,13.116971496132301
649,24.512774257092076,31.35796311212479
650,31.11153337690657,17.140036639252514
651,16.241667966902497,6.549812794133483
652,23.25036066983158,29.108054580198687
653,20.032154004235835,-1.202636269729504
654,19.157372376598587,18.788806542908976
655,4.798196731975278,25.798758968401206
656,15.436834068521442,6.446470351055687
657,7.5315102602739294,22.402855570493795
658,14.105658291602957,10.996489378972242
659,21.618749004837795,18.527610709684886
660,37.45327414976834,-1.3419993737694265
661,38.75344003475308,7.052114180352834
662,5.372620243614961,8.049033556422204
663,44.22195659204191,5.6526717875041825
664,-1.7898327571646497,25.857883935639958
665,24.38737118409197,-21.769438856182692
666,33.66325739396657,-11.369399531916798
667,15.053038072937753,-4.72267693559686
668,25.8420878329822,1.4789728975345706
669,38.052271775211516,-9.781720044305114
670,9.669802650171508,23.280378377958975
671,16.514200174977027,-9.697670450907484
672,16.97896097806862,-2.2014720322471564
673,35.67735377910504,-4.234723139803474
674,21.80873889575519,-10.580964704190581
675,4.249501698401431,14.458478660684245
676,35.41630589383735,-8.327993371786942
677,15.275793844661145,-23.408555914542305
678,32.3388904474632,-13.04126138975983
679,19.387982827857314,-2.637420283469059
680,30.332203433586088,28.171135919673098
681,-13.820804806859904,25.169272179804953
682,-2.56688817319651,14.562331302440745
683,17.714133046717166,17.714796310184752
684,16.104970447038028,28.18373942801584
685,44.41217003181128,1.5408736489696502
686,34.72619303700275,1.2721730737192094
687,20.383317811865147,27.034335318999183
688,16.688483895293253,-10.067247003375636
689,24.016584830541767,17.413316448643396
690,8.300521985370935,30.86295801983262
691,23.44444787715443,6.900700146372583
692,-1.8289629039664739,31.99829010737214
693,26.75783985122797,-4.589920975999222
694,3.2727594311336787,14.188866628857875
695,15.351263878024085,20.591782577332616
696,-9.041309500453353,16.068626163081145
697,20.41492218298201,29.137673145079788
698,25.77736979146119,13.026565812100607
699,27.004978256107414,8.897677108970568
700,25.872628128108538,-15.83595637738829
701,18.32427647274949,-16.98783405815082
702,25.713099414159075,-25.938415971627983
703,34.06412880072598,6.55051769971524
704,41.08553582977042,0.187104717982775
705,21.48987481552568,6.978162054389573
706,15.863536552147082,8.773686016623719
707,25.31117191674568,0.8228490532710995
708,37.77977160332315,-1.6772559565581275
709,11.615600497791913,11.30036148962571
710,24.44201973025833,28.039418368816964
711,28.244982795883352,-17.05783088196437
712,24.047550028466553,-26.07763158466722
713,-0.3536605422829737,17.282622126482455
714,9.325403237572715,8.211540550467674
715,13.86443160665613,-19.01577983558859
716,36.70464187334805,-7.1213696166922045
717,20.707040277571302,-18.30875871512148
718,1.585713324179686,26.5317275574979
719,28.063551694608584,10.783688008249307
720,22.9886639930045,21.40112036892637
721,8.611402490080593,19.14678373382334
722,9.641970769255234,2.047770509486437
723,47.70652997111192,-19.361566414368895
724,4.902083248445969,18.23170654977098
725,16.70301412003041,18.570771453609737
726,23.521589038536597,11.221713829119292
727,-1.1681401847132662,19.39690713593971
728,27.79402712066065,-12.162479493770133
729,-12.509105827413855,26.309542168723127
730,37.15393084549126,12.651163290323678
731,12.539395342429628,22.261902636025706
732,37.10023031080083,16.364353558188093
733,-2.7633292599575974,13.748426531819891
734,13.927661073333862,13.896421679317708
735,17.94311491368616,24.51212139309066
736,24.560173361688705,-10.055137533508713
737,-10.795156500981907,8.49354505643692
738,21.407534167590903,0.16913189944625207
739,31.66139020711963,-11.161489570276581
740,44.73210872390043,10.370837014097324
741,19.220255144827085,-5.000629562540215
742,45.004336660259604,-19.725177341926447
743,22.655630252454387,32.514612051952135
744,23.266371803043917,31.99618343373722
745,-9.924603268032453,16.49386442189978
746,15.14087760098878,3.4204287422225756
747,18.48399675232364,23.7269154097338
748,20.784742354837476,0.16983248322157984
749,-11.212606471712736,26.03057555914083
750,14.65250283614371,-21.769244120624055
751,6.42430897497098,5.753963637641641
752,13.27674091963826,25.81398475968973
753,30.528989642417166,18.812298482379493
754,4.930113440160611,24.28198163139675
755,-4.653395627999078,16.051451680124345
756,38.21461466231516,3.942025428257244
757,22.513648385184275,-6.153367456826001
758,33.45025944552397,-12.014651046877146
759,31.79671582257403,-5.525249559638038
760,39.55918249698755,-4.237417612017286
761,4.85534961053294,28.41349097202835
762,13.982926629805196,2.6385210306446334
763,-11.006211837116002,14.673579250154225
764,34.094056907047545,-0.9814985175994864
765,38.70086268529653,-15.970200011501104
766,10.602072603417607,30.640026774085136
767,18.041927594467793,11.6604329890947
768,13.733104382506603,29.42145169950964
769,15.947458294761027,15.782874677546044
770,32.99725473647858,-16.55413540777456
771,40.53296257168499,0.6278342128762144
772,-7.890326807838797,22.348138877387697
773,22.833128473239718,20.460300918741037
774,25.625005339259957,-6.0985343164716
775,49.30410811473914,6.597146049912943
776,4.614807862995544,24.945721655711033
777,30.244166140311137,-2.6874333227995257
778,16.621668561851166,-23.431969003945163
779,-13.219541981852693,17.9400717473753
780,19.547823763147704,-15.768672259919317
781,26.318935816268173,7.692581605610581
782,28.27886491108407,-7.816822621103275
783,36.66124113173053,6.670241230585514
784,27.247904831812903,6.333132391868661
785,18.097467912367733,-28.454769451290733
786,29.879480461441574,-11.511357881931223
787,48.892539779753974,-13.905163201660491
788,46.75062681937774,-21.039455958264174
789,36.61277984279845,-11.131851450485591
790,10.552992352181349,2.4173009338703455
791,0.8817971178283024,16.999008177893707
792,29.420653601513827,10.145346810815083
793,21.94069099855065,-24.698587630780796
794,31.659977565657897,17.06978895192732
795,29.419718251553327,21.763659991710092
796,18.21665226215498,26.382810385290984
797,35.708750192730484,-10.858345782883715
798,10.25967827079462,15.12245770277548
799,35.45762642998894,-8.558318438228806
800,7.444589722335039,25.501049786616452
801,42.099128746037195,13.188084798257522
802,50.19041979738218,-14.896026798313901
803,37.86927433070835,-3.9992568619340014
804,36.332650205275826,-7.324774530839852
805,10.98402938969199,-1.9060978108992652
806,23.673042482269636,-21.404763754367444
807,20.582008308549483,1.137324566051681
808,30.348965067982164,-6.158343117868441
809,30.389099433983866,-21.986986494528043
810,24.756982077008495,28.170795589977043
811,18.199584145420005,24.70821781565567
812,31.68101493533834,15.92443634524778
813,19.242027686647695,-13.376675323278539
814,17.935706378641974,-2.4860968227747406
815,10.5264853860654,11.307811155417356
816,8.391874943164872,8.998000277808886
817,-8.051492197332303,28.118241969038532
818,15.637293268552334,-12.171327086481323
819,26.933728579136833,3.0008790370617744
820,-5.04663259491743,21.978050805160535
821,21.770015134238776,21.03733685702218
822,33.12157114202218,13.017649612533253
823,17.010078095715343,-15.760798329300437
824,26.72823536296673,23.86813567922156
825,34.98977579944589,20.381992364808823
826,10.38311478655439,0.3313460961232769
827,34.91057237621066,-17.872407347964405
828,34.20361101178365,16.701631270435385
829,30.767935997036624,-19.867189928171378
830,20.50563240718705,23.405656908731274
831,5.036052890759791,9.124988963200904
832,22.333005967919732,-7.102370491870282
833,9.537212865585968,11.156288840579517
834,16.113953476909046,9.050690515206886
835,28.750036920514994,4.786418652692302
836,32.5660197034454,24.127958368383208
837,26.310414259931875,7.26228768487469
838,21.747991800554516,-7.618783381693324
839,0.07298954525465007,9.071443416496988
840,36.620351811279605,11.869122628325872
841,28.204489640124564,3.936492913303312
842,28.56720379862483,6.087736119557211
843,38.794400233094116,-2.2761207407487163
844,18.84905181347088,8.91529611449453
845,31.261440688299103,-4.428665033668822
846,20.868768736920877,-19.519117244308816
847,26.052780078800325,-11.80441177758509
848,9.243567528096573,16.55685551946071
849,10.095285460692239,8.75800839290774
850,3.5512286821716472,12.176160904151963
851,14.652960090404157,10.807243554043767
852,17.53963379121128,-12.961907964597986
853,45.81255222289804,-21.689609005443433
854,41.70245981240139,-1.1183154777773654
855,33.49227005216845,-22.628473123063433
856,-9.825836836698507,18.87545476327852
857,30.98240012713677,24.156812199397194
858,31.861111018215134,-20.908007911659002
859,18.469457082866292,7.188843055104585
860,32.90976332068677,-8.035606160663583
861,16.717387458224046,-21.684407972434677
862,21.43264976595617,22.695169426913957
863,33.82982164732683,17.203557272083913
864,-1.6733256745773524,9.572774592775998
865,41.917347697499586,1.7735982181436878
866,22.12322001867995,9.331674989675932
867,18.909758919167217,24.65568140510464
868,15.715612327797729,-3.6271147143748332
869,-4.363124922643273,29.345602714226214
870,27.791857459447478,-4.738537335602177
871,22.02900020838632,5.38691945452844
872,10.703440141963998,-0.3258700280098883
873,9.494895316005366,7.965457262124649
874,32.78158190141408,15.778374580502886
875,27.069973613282194,10.344688703679147
876,34.11530189061783,30.926931607908745
877,-7.182916861691087,9.63186313235591
878,10.612682463859382,27.335160798625452
879,28.390166534125527,-22.91924718448807
880,1.414473670790187,6.592258482434358
881,8.274306168857702,8.784658451233522
882,14.216446363990126,10.723872918883771
883,25.896012199782085,23.118119268321433
884,-6.194908510045286,18.24221427048366
885,15.915052408164009,-0.11426729306800898
886,1.0066978632464192,24.292907464422285
887,24.045485637274545,-25.44371232433848
888,46.34681240013111,-17.7201097599344
889,17.655281251554143,-11.085206591644642
890,35.4262619675724,-16.282676846279884
891,39.409591056002625,4.358025701965451
892,22.4928432861618,-9.132004093072373
893,20.48594024447946,17.20740541762683
894,0.618869488172507,24.56395330584348
895,27.35249927371946,-1.55612584766856
896,15.790242205949433,19.170631578658746
897,8.121326229771864,22.555497226758362
898,32.17566491807033,22.62974379907608
899,10.961581273897512,28.774472793071045
900,13.793223786211854,13.548254032115992
901,25.00498039108247,-29.408169679497917
902,34.36009772780119,28.243152312710958
903,35.52858719261351,-15.24824824632145
904,30.737738754985465,16.42908672763149
905,13.111075413483864,-1.901218127206434
906,17.503617983307713,-8.408845968111333
907,14.450711430564361,8.776248476406174
908,44.626057828313996,9.794320337775059
909,-7.938540146082488,9.437815814376675
910,-1.5228937310869775,8.570750232551688
911,-6.185719244383449,21.39639024944082
912,23.635480400396823,24.66410321658275
913,24.44683545500986,-8.99973921481115
914,35.35026690185853,-11.09132639697947
915,14.916134749553919,6.452894799599652
916,26.5257435246725,-5.216102886857246
917,23.875829664807732,12.004830070528138
918,2.3963064205454643,20.026198115004522
919,-2.8723359428496593,7.775174457045941
920,49.741857704151954,10.344328667932867
921,25.145500930213608,20.469373245685816
922,28.3845802992752,-2.9280492972179615
923,6.8240941428527435,6.822594855861051
924,22.326554198175856,-18.07093038209772
925,32.419107509985395,-13.605909637151457
926,24.443223007803887,20.477288147899408
927,15.174510908343429,-5.891586546851428
928,15.623136358417014,2.7878297988494514
929,-7.493907174664638,31.27978846016189
930,-6.67940134835321,5.603385234172752
931,3.205888350564827,12.029147976784865
932,-0.23343014509526583,28.832418316071017
933,8.721817106237168,12.374583785837164
934,2.4399005381581453,32.306700526506106
935,36.64064950259551,20.157992229693015
936,15.874461276824803,4.96112988011351
937,-13.6596402782167,25.51173656234622
938,16.387399045704065,-5.028463544123656
939,23.712920721351402,-15.82799444961157
940,44.22393845000007,-18.300256088121806
941,-1.7085944813498948,16.478995063803318
942,-13.68539780597207,19.39410108235305
943,19.159726741267164,-4.783585832493482
944,5.939797303874162,21.102850458199963
945,15.095108423069895,23.406702832737217
946,23.62843759856363,-9.780114644322879
947,28.487894471124115,8.264232458998253
948,16.84755285740861,17.368849242205396
949,28.811616075979984,-27.97127392907076
950,13.839884849167316,-3.1216385891711753
951,-14.1409141948084,14.755191451001998
952,-12.473607360859987,19.580661752297257
953,2.2343889497963616,15.769012353998813
954,37.854736758571555,12.878714935475356
955,34.659241516828,-14.75120006026406
956,35.97163725898173,18.9445193534752
957,29.52336238638315,4.954873404653871
958,38.21024103642761,-12.650406631372485
959,19.764534522339957,-22.982664220433136
960,28.380787711489695,21.476268078541988
961,32.10636931047175,-5.101228413395327
962,19.868483534803715,20.596673405194288
963,-3.7276014140618248,26.298043064261375
964,46.14851054709218,9.843165491370812
965,27.752486628072262,-2.4185831851211046
966,26.631421849511774,-21.11384456175823
967,25.407726284765687,4.941335550288768
968,44.66125446407469,-18.004099633922383
969,20.26255009643105,-5.882634745241206
970,-3.539123837254049,12.740836695355606
971,31.358910801310287,-6.8773528832293644
972,31.435637595763104,25.35823842500993
973,0.943474224240564,12.754818060143975
974,19.663093778284313,-31.22301714410442
975,21.819100724223965,-10.151271009874126
976,2.6630071746461716,27.313613428880732
977,36.190759742059555,11.351917796292556
978,29.91197473727008,15.844477637377487
979,31.70610082144401,-14.680630896497659
980,35.60889703359593,4.233143467792597
981,20.366821433833373,-10.710674416576042
982,47.610082938415275,-18.50477988722069
983,12.643615814549513,-5.938346429352517
984,15.048806720079092,9.136480404632282
985,40.667839573400315,8.041711501286507
986,-3.951257080791489,19.679853812030043
987,19.15610884200928,-14.90919875863562
988,23.061623349055537,-3.4920932301422765
989,30.543838720365926,-4.074881229636259
990,13.736575155217015,-3.2017105938400308
991,21.553659717709763,-32.93322460334632
992,17.952539124919362,6.034022411236827
993,4.926611747046088,11.154853383703655
994,25.402759242518165,-8.493299077558529
995,40.398028986625725,1.7619174258893502
996,24.509899564577168,-7.457548275865972
997,25.6173378607537,4.592713354163272
998,25.48737347191402,2.9240354513369606
999,20.10839934456464,1.9233116000401562
1000,17.939134696292747,0.48604077215663066
